{
       "main" : "bauteil_aus_roboterstation_entfernen.jpg",       
       "mimeType" : "image/jpg",
       "title" : "Fehler und Ursache in Roboterstation beheben",
       "info" : "Entfernen Sie das Bauteil aus der Roboterstation. <br><br>Führen Sie dazu folgende Schritte durch: <br>1. Tür öffnen<br>2.  Bauteil entnehmen<br>3.  Fehlerursache in Roboterstation beheben<br>4.  Tür schließen",  
       "version" : "1.0",                
       "lastUpdate" : "2015-08-03T14:26:56+02:00" 
}
