{
       "main" : "roboterzelle.png",       
       "mimeType" : "image/png",
       "title" : "Montageprozess in der Roboterzelle",
       "info" : "In der Station <b>Roboter</b> erfolgt automatische Montage der Zylinder. Folgende Schritte werden dabei durchlaufen: <br>1. Die Grundkörper werden über eine Rutsche bereitgestellt. <br>2. Wird ein solches Werkstück in der Aufnahme der Rutsche erkannt, holt der Roboter es ab und transportiert es zur Position &quot;Identifikation&quot; in der Montageaufnahme. <br>3. Die Farbe des Werkstücks (schwarz oder nicht schwarz) wird mit Hilfe des Sensors im Greifer ermittelt. <br>4. Das Werkstück wird gegriffen und die Lage der Bohrungen in der Grundfläche des Werkstücks wird geprüft.<br>5. Das Werkstück wird orientiert zur Position &quot;Montage&quot; in der Montageaufnahme transportiert und abgelegt.<br>6. Der Roboter holt einen silbernen (bzw. schwarzen) Kolben, falls das Werkstück schwarz (bzw. rot/silbern) ist, vom Modul &quot;Palette&quot; und setzt den Kolben in den Grundkörper ein.<br>7. Nach Erkennen des Endlagensensors wird der Greifer an die Position verfahren, um die Feder zu greifen. <br>8. Diese wird auf den Kolben in das Zylindergehäuse eingesetzt. Gleichzeitig wird der Zylinder im Federmagazin zurückgesetzt.<br>9. Nach Erkennen des Endlagensensors wird der Greifer an die Position verfahren, um einen Deckel zu greifen. <br>10. Dann steckt er den Deckel auf den Bolzen des Moduls Montageaufnahme<br>11. Der Roboter greift um und prüft die Orientierung des Deckels. Gleichzeitig wird der Zylinder im Deckelmagazin zurückgesetzt.<br>12. Der orientierte Deckel wird in den Grundkörper eingesetzt und durch Drehen eingerastet.<br>13. Der fertig montierte Zylinder wird gegriffen und auf der Rutsche abgesetzt.",  
       "version" : "1.0",                
       "lastUpdate" : "2015-08-03T14:26:56+02:00" 
}
