{
       "main" : "deckelmazing.png",       
       "mimeType" : "image/png",
       "title" : "Funktionsbeschreibung des Deckelmagazins",
       "info" : "Das Modul <b>Deckelmagazin</b> vereinzelt die Deckel für den zu montierenden Pneumatikzylinder aus einem Fallmagazin. Bis zu 15 Deckel können im Magazinrohr gestapelt werden.<br><br>Ein doppelwirkender Zylinder (Objekttyp: Capstack.PushCylinder) schiebt den jeweils unteren Deckel aus. Der ausgeschobene Deckel wird durch einen optischen Sensor nachgewiesen. <br><br><b>Das Modell des doppelwirkenden Zylinders hat folgende Ein- und Ausgänge:</b><br><br></b><table border=\"4\"> <tr><th><b>Typ</b></th><th><b>Name</b></th><th><b>Kommentar</b></th></tr><tr><th>Eingang</th><th>MoveOut</th><th>Ausfahren des Zylinders: verbunden mit einem Ausgang der Robotersteuerung</th></tr> <tr><th>Eingang</th><th>MoveIn</th><th>Einfahren des Zylinders: verbunden mit einem Ausgang der Robotersteuerung</th></tr><tr><th>Ausgang</th><th>IsMoveOut</th><th>Sensorsignale: Zylinder ist ausgefahren/ verbunden mit Eingang der Robotersteuerung</th></tr><tr><th>Ausgang</th><th>IsMoveIn</th><th>Sensorsignale:Zylinder ist eingefahren/ verbunden mit Eingang Robotersteuerung</th></tr></table> <br>",  
       "version" : "1.0",                
       "lastUpdate" : "2015-08-03T14:26:56+02:00" 
}
