{
       "main" : "verbindung_des_sensors_pruefen.jpg",       
       "mimeType" : "image/jpg",
       "title" : "Verbindung des Sensors prüfen",
       "info" : "Prüfen Sie, ob der Sensor korrekt verbunden  ist, indem Sie die Steckverbindung wie im Bild angegeben prüfen.",  
       "endorsement" : "Wenn Sie den Schritt &quot;Verbindung des Sensors prüfen&quot; ausgeführt haben, drücken Sie bitte das Feld &quot;Bestätigen - Weiter&quot;.Im nächsten Schritt müssen Sie angeben, ob der Sensor korrekt verbunden ist oder nicht.",
	   "version" : "1.0",                
       "lastUpdate" : "2015-08-03T14:26:56+02:00" 
}
