{
       "main" : "teilabsperrhahn_ueberpruefen.png",       
       "mimeType" : "image/png",
       "title" : "Teilabsperrhahn überprüfen",
       "info" : "Überprüfen Sie den Teilabsperrhahn. Dieser muss geöffnet sein!",  
		"endorsement" : "Wenn Sie den Schritt &quot;Teilabsperrhahn überprüfen&quot; ausgeführt haben, drücken Sie bitte das Feld &quot;Bestätigen - Weiter&quot;. Im nächsten Schritt müssen Sie angeben, ob der Teilabsperrhahn geschlossen ist oder nicht.",       
	   "version" : "1.0",                
       "lastUpdate" : "2015-08-03T14:26:56+02:00" 
}
